{
  "main": {
    "id": "6d4df7462696b5d1",
    "type": "split",
    "children": [
      {
        "id": "5d6c49d183d9fa95",
        "type": "tabs",
        "children": [
          {
            "id": "9f03be234dc888ca",
            "type": "leaf",
            "state": {
              "type": "markdown",
              "state": {
                "file": "3. Wiki/Communautées/Royaumes/Méridia/Méridia.md",
                "mode": "source",
                "source": true
              }
            }
          },
          {
            "id": "763f60e3b0c22a7d",
            "type": "leaf",
            "state": {
              "type": "markdown",
              "state": {
                "file": "1. Others/Utilities.md",
                "mode": "source",
                "source": true
              }
            }
          }
        ]
      }
    ],
    "direction": "vertical"
  },
  "left": {
    "id": "0dfa2d58c0f43574",
    "type": "split",
    "children": [
      {
        "id": "e0d8c159c1e5bc58",
        "type": "tabs",
        "children": [
          {
            "id": "8ad01ad1474fc3a6",
            "type": "leaf",
            "state": {
              "type": "file-explorer",
              "state": {
                "sortOrder": "alphabetical"
              }
            }
          },
          {
            "id": "f8f14a457ef8834f",
            "type": "leaf",
            "state": {
              "type": "search",
              "state": {
                "query": "",
                "matchingCase": false,
                "explainSearch": false,
                "collapseAll": false,
                "extraContext": false,
                "sortOrder": "alphabetical"
              }
            }
          },
          {
            "id": "59352f44e55916d1",
            "type": "leaf",
            "state": {
              "type": "bookmarks",
              "state": {}
            }
          }
        ]
      }
    ],
    "direction": "horizontal",
    "width": 300
  },
  "right": {
    "id": "33182819bea96af5",
    "type": "split",
    "children": [
      {
        "id": "8e06084c64366644",
        "type": "tabs",
        "children": [
          {
            "id": "7aea9b5d1f17520d",
            "type": "leaf",
            "state": {
              "type": "backlink",
              "state": {
                "file": "3. Wiki/Communautées/Royaumes/Méridia/Méridia.md",
                "collapseAll": false,
                "extraContext": false,
                "sortOrder": "alphabetical",
                "showSearch": false,
                "searchQuery": "",
                "backlinkCollapsed": false,
                "unlinkedCollapsed": true
              }
            }
          },
          {
            "id": "fae5251431297e63",
            "type": "leaf",
            "state": {
              "type": "outgoing-link",
              "state": {
                "file": "3. Wiki/Communautées/Royaumes/Méridia/Méridia.md",
                "linksCollapsed": false,
                "unlinkedCollapsed": true
              }
            }
          },
          {
            "id": "65f397cd60def63c",
            "type": "leaf",
            "state": {
              "type": "tag",
              "state": {
                "sortOrder": "frequency",
                "useHierarchy": true
              }
            }
          },
          {
            "id": "34486d6fd4d8f595",
            "type": "leaf",
            "state": {
              "type": "outline",
              "state": {
                "file": "3. Wiki/Communautées/Royaumes/Méridia/Méridia.md"
              }
            }
          }
        ]
      }
    ],
    "direction": "horizontal",
    "width": 300,
    "collapsed": true
  },
  "left-ribbon": {
    "hiddenItems": {
      "switcher:Open quick switcher": false,
      "graph:Open graph view": false,
      "canvas:Create new canvas": false,
      "daily-notes:Open today's daily note": false,
      "templates:Insert template": false,
      "command-palette:Open command palette": false
    }
  },
  "active": "9f03be234dc888ca",
  "lastOpenFiles": [
    "3. Wiki/Communautées/Royaumes/Méridia/Histoire.md",
    "3. Wiki/Histoires/Sélène et Lamys.md",
    "3. Wiki/Communautées/Royaumes/Méridia/Méridia.md",
    "3. Wiki/Communautées/Royaumes/Méridia",
    "3. Wiki/Histoires/Famille Sarphyra.md",
    "1. Others/Utilities.md",
    "3. Wiki/Races/Elfes/Individus/Thalion Wynnelis.md",
    "3. Wiki/Communautées/Royaumes/Sylvandis/Histoire.md",
    "3. Wiki/Communautées/Sectes/Secte Obscura.md",
    "3. Wiki/Communautées/Sectes/Gardiens de l'Aube.md",
    "3. Wiki/Races/Humains/Individus/Lamys of the Forest.md",
    "3. Wiki/Encyclopédie/Alchimie/Bible des Alchimistes.md",
    "3. Wiki/Encyclopédie/Flore/Lumenella.md",
    "3. Wiki/Encyclopédie/Flore",
    "3. Wiki/Encyclopédie/Faune/Terragriffes.md",
    "3. Wiki/Encyclopédie/Faune/Mélorunes.md",
    "3. Wiki/Encyclopédie/Faune/Lunarètes.md",
    "3. Wiki/Encyclopédie/Faune",
    "1. Others/1.1 Images/PLANTE_Lumenella.jpg",
    "3. Wiki/Races/Thelvorns (maudits)/Thelvorns (maudits).md",
    "3. Wiki/Races/Hybrides/Races/Elfes-Humains/Elfes-Humains.md",
    "3. Wiki/Races/Hybrides/Races/Elfes-Humains",
    "3. Wiki/Races/Hybrides/Races",
    "3. Wiki/Races/Hybrides/Hybrides.md",
    "3. Wiki/Races/Hybrides",
    "3. Wiki/Encyclopédie/Créatures/Terragriffes.md",
    "3. Wiki/Encyclopédie/Créatures/Mélorunes.md",
    "3. Wiki/Encyclopédie/Créatures/Lunarètes.md",
    "3. Wiki/Encyclopédie/Créatures",
    "3. Wiki/Encyclopédie/Alchimie",
    "3. Wiki/Encyclopédie",
    "2. époques/2.2 Dieux primordiaux.md",
    "1. Others/1.1 Images/old/PERSONNAGE_ShiaoYue.jpg",
    "1. Others/1.1 Images/old/PERSONNAGE_SeshaiYue.jpg",
    "1. Others/1.1 Images/old/PERSONNAGE_NoName.jpg",
    "1. Others/1.1 Images/old/PERSONNAGE_nalaaPavis.jpg",
    "1. Others/1.1 Images/old/PERSONNAGE_MiaAguereille.jpg",
    "1. Others/1.1 Images/old/PERSONNAGE_LucyAstaria.jpg",
    "1. Others/1.1 Images/old/PERSONNAGE_LagerthaOsmond.jpg",
    "1. Others/1.1 Images/old/PERSONNAGE_KawadaShigeko.jpg",
    "1. Others/1.1 Images/old/PERSONNAGE_KamotoShigeko.jpg",
    "1. Others/1.1 Images/old",
    "3. Wiki/Races/Thelvorns (maudits)/Individus.md",
    "3. Wiki/Races/Thelvorns/Thelvorns.md",
    "New/3. Wiki/Créatures - Races/Elfes/Elfes.md",
    "3. Wiki/Races/Elfes/Individus/Zaleria Sarphyra.md"
  ]
}